codigo;codigo_cor;cor;quant
100001;0002;0002 - PRETO;50
100001;0003;0003 - MARINHO;40
100001;0036;0036 - OFF-WHITE;46
100001;0052;0052 - ROXO;2
100002;0002;0002 - PRETO;15
100002;0003;0003 - MARINHO;13
100002;0036;0036 - OFF-WHITE;1
100003;0002;0002 - PRETO;45
100003;0003;0003 - MARINHO;47
100003;0036;0036 - OFF-WHITE;52
100004;0002;0002 - PRETO;14
100004;0036;0036 - OFF-WHITE;13
100005;0002;0002 - PRETO;17
100005;0003;0003 - MARINHO;19
100005;0036;0036 - OFF-WHITE;11
100006;0002;0002 - PRETO;49
100006;0003;0003 - MARINHO;31
100006;0036;0036 - OFF-WHITE;53
100006;0052;0052 - ROXO;10
100006;1587;1587 - AMARELO;10
100007;0002;0002 - PRETO;28
100007;0003;0003 - MARINHO;15
100007;0036;0036 - OFF-WHITE;18
100008;0002;0002 - PRETO;60
100008;0003;0003 - MARINHO;53
100008;0036;0036 - OFF-WHITE;39
100009;0001;0001 - BRANCO;119
100009;0002;0002 - PRETO;30
100009;0003;0003 - MARINHO;32
100009;0122;0122 - AZUL;4
100010;0002;0002 - PRETO;126
100010;0003;0003 - MARINHO;115
100010;0036;0036 - OFF-WHITE;56
100010;0247;0247 - NATURAL;40
100010;1146;1146 - FENDI;15
100010;1530;1530 - BEGE;61
100011;0002;0002 - PRETO;42
100011;0036;0036 - OFF-WHITE;42
100011;1530;1530 - BEGE;41
100012;0002;0002 - PRETO;100
100013;0002;0002 - PRETO;2
100013;0003;0003 - MARINHO;4
100013;0036;0036 - OFF-WHITE;2
120000;0002;0002 - PRETO;115
120001;0002;0002 - PRETO;124
120002;0002;0002 - PRETO;175
120003;0002;0002 - PRETO;12
120003;0003;0003 - MARINHO;55
120003;1530;1530 - BEGE;45
120004;0002;0002 - PRETO;71
120004;0003;0003 - MARINHO;73
120004;1530;1530 - BEGE;38
120005;0002;0002 - PRETO;5
120005;0003;0003 - MARINHO;7
120005;0036;0036 - OFF-WHITE;30
120006;0002;0002 - PRETO;55
120006;0003;0003 - MARINHO;33
120006;1530;1530 - BEGE;57
120007;0002;0002 - PRETO;26
120007;0003;0003 - MARINHO;28
120008;0002;0002 - PRETO;26
120008;0003;0003 - MARINHO;30
120008;1530;1530 - BEGE;28
120010;0002;0002 - PRETO;41
120010;1530;1530 - BEGE;27
120011;0002;0002 - PRETO;16
120011;0036;0036 - OFF-WHITE;14
120012;0001;0001 - BRANCO;38
120012;0003;0003 - MARINHO;38
120012;0122;0122 - AZUL;43
120015;0002;0002 - PRETO;36
120015;0003;0003 - MARINHO;31
120015;1146;1146 - FENDI;28
140000;0036;0036 - OFF-WHITE;37
140000;2427;2427 - LISTRA AZUL;41
140000;2603;2603 - LISTRA VERDE;40
140000;2604;2604 - LISTRA COLORIDA;39
140001;0036;0036 - OFF-WHITE;21
140001;2427;2427 - LISTRA AZUL;26
140001;2603;2603 - LISTRA VERDE;20
140001;2604;2604 - LISTRA COLORIDA;19
140003;0036;0036 - OFF-WHITE;34
140003;0051;0051 - AZUL CLARO;28
140004;0003;0003 - MARINHO;9
140004;0046;0046 - ROSA;1
140004;0068;0068 - LARANJA;7
140004;0122;0122 - AZUL;1
140004;0337;0337 - MILITAR;5
140010;0041;0041 - CRU;3
140011;2427;2427 - LISTRA AZUL;13
140011;2603;2603 - LISTRA VERDE;13
140012;0002;0002 - PRETO;4
140012;0041;0041 - CRU;5
140012;0046;0046 - ROSA;1
140013;0003;0003 - MARINHO;8
140013;0051;0051 - AZUL CLARO;14
205000;0001;0001 - BRANCO;-2
206019;0002;0002 - PRETO;1
208006;0001;0001 - BRANCO;-1
211042;0001;0001 - BRANCO;-1
215009;0001;0001 - BRANCO;-1
215021;0036;0036 - OFF-WHITE;1
215022;0002;0002 - PRETO;-1
216041;0002;0002 - PRETO;1
216048;0054;0054 - MARROM;-1
216050;0003;0003 - MARINHO;38
216050;1530;1530 - BEGE;31
217001;0003;0003 - MARINHO;22
217004;0054;0054 - MARROM;1
217010;0003;0003 - MARINHO;30
217010;0036;0036 - OFF-WHITE;46
217010;0040;0040 - VERDE;24
217019;0001;0001 - BRANCO;2
217019;0002;0002 - PRETO;1
217025;0002;0002 - PRETO;2
217025;1530;1530 - BEGE;3
217027;0040;0040 - VERDE;1
217027;1530;1530 - BEGE;1
217035;0052;0052 - ROXO;17
217035;0090;0090 - AZUL BIC;28
217035;0337;0337 - MILITAR;3
217035;0551;0551 - VERDE CL.;17
217047;0036;0036 - OFF-WHITE;-1
217047;1530;1530 - BEGE;35
217053;2132;2132 - ESTAMPA IKAT;1
217054;0002;0002 - PRETO;1
217054;0054;0054 - MARROM;1
217058;1530;1530 - BEGE;1
218000;0036;0036 - OFF-WHITE;37
218000;0332;0332 - KHAKI;42
219000;0017;0017 - CINZA;25
219000;0036;0036 - OFF-WHITE;23
219000;0054;0054 - MARROM;23
219001;0002;0002 - PRETO;57
219001;0003;0003 - MARINHO;56
219001;0017;0017 - CINZA;20
219002;0017;0017 - CINZA;23
219002;0036;0036 - OFF-WHITE;24
219002;0046;0046 - ROSA;16
219004;0002;0002 - PRETO;37
219004;1530;1530 - BEGE;37
219005;0002;0002 - PRETO;37
219005;0003;0003 - MARINHO;60
219005;0017;0017 - CINZA;36
219005;0054;0054 - MARROM;60
219005;1530;1530 - BEGE;30
219006;0017;0017 - CINZA;33
219006;0040;0040 - VERDE;14
219006;0054;0054 - MARROM;33
219007;0002;0002 - PRETO;31
219008;0002;0002 - PRETO;28
219009;0002;0002 - PRETO;36
219009;1530;1530 - BEGE;41
219010;1299;1299 - XADREZ;23
219010;1455;1455 - PIED POULE;10
219011;0017;0017 - CINZA;22
219012;0002;0002 - PRETO;20
219013;0054;0054 - MARROM;6
219014;0332;0332 - KHAKI;23
219015;0036;0036 - OFF-WHITE;5
219016;0003;0003 - MARINHO;9
219016;0068;0068 - LARANJA;5
219016;1530;1530 - BEGE;16
219017;0002;0002 - PRETO;16
219017;0054;0054 - MARROM;17
219020;0002;0002 - PRETO;30
219021;0001;0001 - BRANCO;21
219021;0003;0003 - MARINHO;20
219024;0002;0002 - PRETO;19
219024;0036;0036 - OFF-WHITE;19
219027;0003;0003 - MARINHO;25
219027;0041;0041 - CRU;28
219031;0003;0003 - MARINHO;50
219035;0036;0036 - OFF-WHITE;1
219035;1530;1530 - BEGE;20
219038;0002;0002 - PRETO;38
219038;0003;0003 - MARINHO;38
219039;0001;0001 - BRANCO;38
219039;0003;0003 - MARINHO;45
219039;0067;0067 - LILÁS;2
219039;1451;1451 - TURQUESA;24
219039;1587;1587 - AMARELO;26
219041;0711;0711 - OFF C/ MARINHO;39
219042;0003;0003 - MARINHO;32
219042;0036;0036 - OFF-WHITE;35
219042;1530;1530 - BEGE;35
219043;0268;0268 - DENIM;45
219044;0002;0002 - PRETO;19
219045;0002;0002 - PRETO;26
219046;0036;0036 - OFF-WHITE;22
219046;0332;0332 - KHAKI;27
219047;0003;0003 - MARINHO;19
219047;0036;0036 - OFF-WHITE;24
219048;0002;0002 - PRETO;38
219049;0017;0017 - CINZA;15
219050;0003;0003 - MARINHO;42
219050;0332;0332 - KHAKI;41
219053;2518;2518 - TURQUESA COM MARINHO;52
219054;0001;0001 - BRANCO;113
219054;0002;0002 - PRETO;112
219055;0001;0001 - BRANCO;101
219055;0002;0002 - PRETO;110
219056;0003;0003 - MARINHO;39
219056;0332;0332 - KHAKI;38
219057;0036;0036 - OFF-WHITE;21
219057;0332;0332 - KHAKI;12
219058;0268;0268 - DENIM;40
219060;0003;0003 - MARINHO;36
219060;0054;0054 - MARROM;22
219060;1530;1530 - BEGE;1
219061;1530;1530 - BEGE;42
219062;0002;0002 - PRETO;47
219063;0003;0003 - MARINHO;28
219063;0054;0054 - MARROM;28
219064;0054;0054 - MARROM;27
219064;0122;0122 - AZUL;30
219067;0002;0002 - PRETO;36
219068;0003;0003 - MARINHO;17
219068;0036;0036 - OFF-WHITE;26
219068;1587;1587 - AMARELO;18
219069;0003;0003 - MARINHO;20
219069;0036;0036 - OFF-WHITE;18
219073;0002;0002 - PRETO;33
219073;1530;1530 - BEGE;30
219074;0002;0002 - PRETO;20
219074;0258;0258 - CAFÉ;20
219076;0002;0002 - PRETO;36
219077;2600;2600 - BEGE COM MARINHO;43
219078;2600;2600 - BEGE COM MARINHO;53
219079;0050;0050 - AZUL BIC;21
219079;0551;0551 - VERDE CL.;17
219080;0054;0054 - MARROM;55
219082;0036;0036 - OFF-WHITE;24
219110;0002;0002 - PRETO;40
219110;0003;0003 - MARINHO;39
239003;0003;0003 - MARINHO;28
239003;0122;0122 - AZUL;21
239003;1340;1340 - BLUSH;16
239004;0002;0002 - PRETO;18
239004;0036;0036 - OFF-WHITE;15
239005;0122;0122 - AZUL;40
239005;1340;1340 - BLUSH;27
239007;0001;0001 - BRANCO;41
239007;0002;0002 - PRETO;40
239007;0003;0003 - MARINHO;33
239009;2427;2427 - LISTRA AZUL;18
239009;2517;2517 - LISTRA AMARELA;18
239009;2603;2603 - LISTRA VERDE;23
239016;0002;0002 - PRETO;25
239016;0036;0036 - OFF-WHITE;18
239021;0040;0040 - VERDE;9
239021;0068;0068 - LARANJA;10
239021;1587;1587 - AMARELO;7
239022;0003;0003 - MARINHO;23
239022;1297;1297 - BORDÔ;24
239024;0003;0003 - MARINHO;18
239024;1530;1530 - BEGE;18
239028;0036;0036 - OFF-WHITE;21
239028;1337;1337 - INDIGO;35
239029;0003;0003 - MARINHO;29
239029;0054;0054 - MARROM;28
239029;1530;1530 - BEGE;25
239030;0003;0003 - MARINHO;21
239030;1530;1530 - BEGE;21
239033;1530;1530 - BEGE;37
239036;0003;0003 - MARINHO;23
239036;0036;0036 - OFF-WHITE;30
239038;0003;0003 - MARINHO;27
239038;1530;1530 - BEGE;29
239041;1530;1530 - BEGE;40
239043;0036;0036 - OFF-WHITE;18
239043;1340;1340 - BLUSH;10
239051;0040;0040 - VERDE;30
239051;0308;0308 - VERMELHO;50
239052;1530;1530 - BEGE;50
239054;0001;0001 - BRANCO;37
239056;0036;0036 - OFF-WHITE;11
239056;1530;1530 - BEGE;21
239064;0040;0040 - VERDE;39
239064;0308;0308 - VERMELHO;42
239064;1530;1530 - BEGE;39
239067;0258;0258 - CAFÉ;15
239068;1146;1146 - FENDI;15
239074;0054;0054 - MARROM;29
239080;0002;0002 - PRETO;23
239080;1530;1530 - BEGE;19
319019;0002;0002 - PRETO;-1
328027;1587;1587 - AMARELO;26
328028;0040;0040 - VERDE;25
328028;0067;0067 - LILÁS;45
328028;0122;0122 - AZUL;37
328028;1340;1340 - BLUSH;21
328055;0002;0002 - PRETO;1
328098;0036;0036 - OFF-WHITE;1
329011;0002;0002 - PRETO;44
329011;0036;0036 - OFF-WHITE;38
329011;0050;0050 - AZUL BIC;1
329011;0054;0054 - MARROM;1
329011;1585;1585 - BEGE;38
329011;1587;1587 - AMARELO;2
329020;0002;0002 - PRETO;-2
329024;0040;0040 - VERDE;5
329024;0068;0068 - LARANJA;23
329024;5000;5000 - OFF WHITE;19
329044;0002;0002 - PRETO;52
329094;0036;0036 - OFF-WHITE;1
330005;0002;0002 - PRETO;29
330005;0036;0036 - OFF-WHITE;9
330005;0040;0040 - VERDE;6
330010;0040;0040 - VERDE;27
330011;0002;0002 - PRETO;48
330011;0036;0036 - OFF-WHITE;1
330011;0052;0052 - ROXO;20
330025;0036;0036 - OFF-WHITE;-1
330027;0001;0001 - BRANCO;32
330027;0002;0002 - PRETO;23
330032;0002;0002 - PRETO;1
330035;0036;0036 - OFF-WHITE;-2
330043;0002;0002 - PRETO;84
330043;0003;0003 - MARINHO;49
330043;0036;0036 - OFF-WHITE;67
330043;0052;0052 - ROXO;78
330043;1146;1146 - FENDI;47
330043;1530;1530 - BEGE;38
330044;1530;1530 - BEGE;2
330050;0001;0001 - BRANCO;1
330050;0002;0002 - PRETO;-3
330052;0036;0036 - OFF-WHITE;1
330052;0132;0132 - LISTRADO BORDO;1
330063;0040;0040 - VERDE;38
330063;1530;1530 - BEGE;39
330066;1530;1530 - BEGE;-1
330084;1530;1530 - BEGE;-1
330085;0002;0002 - PRETO;1
330085;0036;0036 - OFF-WHITE;1
330085;0258;0258 - CAFÉ;1
330085;0337;0337 - MILITAR;1
330088;0258;0258 - CAFÉ;-1
330091;0036;0036 - OFF-WHITE;-1
330097;0002;0002 - PRETO;1
330107;0670;0670 - PRETO/OFF/BEGE;-1
330109;0036;0036 - OFF-WHITE;20
330115;000;000 - UNICA;1
330116;000;000 - UNICA;1
330118;0068;0068 - LARANJA;6
330118;1297;1297 - BORDÔ;6
330200;0002;0002 - PRETO;-1
332000;1337;1337 - INDIGO;41
332001;0036;0036 - OFF-WHITE;39
332002;0036;0036 - OFF-WHITE;45
332003;0040;0040 - VERDE;19
332003;0068;0068 - LARANJA;18
332003;5000;5000 - OFF WHITE;21
332004;0002;0002 - PRETO;26
332004;0036;0036 - OFF-WHITE;16
332004;1530;1530 - BEGE;16
332005;0002;0002 - PRETO;44
332005;0036;0036 - OFF-WHITE;42
332005;1587;1587 - AMARELO;35
332006;0052;0052 - ROXO;61
332006;0551;0551 - VERDE CL.;61
332007;0002;0002 - PRETO;23
332007;0050;0050 - AZUL BIC;19
332007;0551;0551 - VERDE CL.;1
332009;0002;0002 - PRETO;4
332010;0002;0002 - PRETO;30
332010;1530;1530 - BEGE;25
332012;0002;0002 - PRETO;11
332012;0052;0052 - ROXO;10
332013;0003;0003 - MARINHO;36
332013;0036;0036 - OFF-WHITE;38
332014;0003;0003 - MARINHO;31
332014;0036;0036 - OFF-WHITE;29
332016;0003;0003 - MARINHO;30
332016;0068;0068 - LARANJA;18
332017;0002;0002 - PRETO;14
332017;0036;0036 - OFF-WHITE;14
332018;0040;0040 - VERDE;5
332018;0068;0068 - LARANJA;20
332019;0002;0002 - PRETO;37
332019;0036;0036 - OFF-WHITE;23
332019;0040;0040 - VERDE;20
332019;0068;0068 - LARANJA;16
332023;0002;0002 - PRETO;32
332023;0036;0036 - OFF-WHITE;33
332023;0050;0050 - AZUL BIC;30
332023;0054;0054 - MARROM;2
332023;1587;1587 - AMARELO;26
332024;0002;0002 - PRETO;21
332024;1530;1530 - BEGE;18
332025;0002;0002 - PRETO;44
332025;1530;1530 - BEGE;28
332026;0002;0002 - PRETO;31
332026;0054;0054 - MARROM;34
332027;0002;0002 - PRETO;38
332027;0003;0003 - MARINHO;4
332027;1530;1530 - BEGE;10
332028;1299;1299 - XADREZ;30
332028;1455;1455 - PIED POULE;28
332030;0002;0002 - PRETO;36
332031;1337;1337 - INDIGO;33
332032;0002;0002 - PRETO;48
332032;0054;0054 - MARROM;37
332033;0001;0001 - BRANCO;122
332033;0002;0002 - PRETO;83
332034;0002;0002 - PRETO;98
332036;0002;0002 - PRETO;35
332036;1530;1530 - BEGE;24
332037;0002;0002 - PRETO;21
332037;1530;1530 - BEGE;16
332044;0002;0002 - PRETO;40
332045;0003;0003 - MARINHO;15
332045;0036;0036 - OFF-WHITE;22
332045;1530;1530 - BEGE;25
332046;0002;0002 - PRETO;22
332046;0054;0054 - MARROM;14
332047;0002;0002 - PRETO;22
332047;0054;0054 - MARROM;16
332049;0017;0017 - CINZA;41
332049;0040;0040 - VERDE;32
332050;0017;0017 - CINZA;11
332050;0036;0036 - OFF-WHITE;12
332050;0046;0046 - ROSA;12
332051;0017;0017 - CINZA;22
332051;0036;0036 - OFF-WHITE;14
332051;0046;0046 - ROSA;10
332052;0017;0017 - CINZA;10
332052;0036;0036 - OFF-WHITE;15
332052;0054;0054 - MARROM;15
332054;0002;0002 - PRETO;11
332054;0052;0052 - ROXO;12
332055;0036;0036 - OFF-WHITE;12
332055;0054;0054 - MARROM;15
332055;0122;0122 - AZUL;15
332056;1299;1299 - XADREZ;34
332056;1455;1455 - PIED POULE;36
332057;0003;0003 - MARINHO;35
332057;0036;0036 - OFF-WHITE;34
332057;1530;1530 - BEGE;30
332058;0002;0002 - PRETO;20
332058;0036;0036 - OFF-WHITE;20
332059;2519;2519 - DENIM CLARO;73
332063;0002;0002 - PRETO;50
332064;0002;0002 - PRETO;33
332065;0002;0002 - PRETO;31
332066;0002;0002 - PRETO;45
332066;0036;0036 - OFF-WHITE;40
332067;0002;0002 - PRETO;23
332067;0036;0036 - OFF-WHITE;24
332068;0002;0002 - PRETO;19
332068;0036;0036 - OFF-WHITE;20
332069;0036;0036 - OFF-WHITE;33
332069;1530;1530 - BEGE;45
332070;0036;0036 - OFF-WHITE;26
332070;0054;0054 - MARROM;15
332071;0002;0002 - PRETO;16
332071;0036;0036 - OFF-WHITE;23
332071;0050;0050 - AZUL BIC;4
332071;0551;0551 - VERDE CL.;15
332072;0002;0002 - PRETO;15
332072;0003;0003 - MARINHO;16
332072;0036;0036 - OFF-WHITE;13
332072;0052;0052 - ROXO;25
332076;0002;0002 - PRETO;12
332076;1587;1587 - AMARELO;15
332077;0002;0002 - PRETO;22
332078;0002;0002 - PRETO;8
332079;0002;0002 - PRETO;13
332079;0036;0036 - OFF-WHITE;15
332081;0002;0002 - PRETO;38
332081;0036;0036 - OFF-WHITE;22
332081;0040;0040 - VERDE;23
332081;0050;0050 - AZUL BIC;29
332081;0052;0052 - ROXO;36
332081;1587;1587 - AMARELO;30
332082;0036;0036 - OFF-WHITE;13
332082;0040;0040 - VERDE;13
332082;0068;0068 - LARANJA;15
332082;1530;1530 - BEGE;13
332083;0002;0002 - PRETO;16
332083;0036;0036 - OFF-WHITE;1
332085;0002;0002 - PRETO;9
332085;0054;0054 - MARROM;9
332086;0002;0002 - PRETO;14
332086;0258;0258 - CAFÉ;13
332090;0002;0002 - PRETO;13
332090;0258;0258 - CAFÉ;13
332090;1146;1146 - FENDI;13
332092;0002;0002 - PRETO;28
332093;0002;0002 - PRETO;30
332093;0122;0122 - AZUL;4
332094;0002;0002 - PRETO;22
332094;0036;0036 - OFF-WHITE;18
332095;0036;0036 - OFF-WHITE;31
332096;1299;1299 - XADREZ;40
332096;1455;1455 - PIED POULE;40
332096;1465;1465 - CHEVRON;16
332097;1455;1455 - PIED POULE;1
332099;0002;0002 - PRETO;15
332100;0003;0003 - MARINHO;34
332100;0068;0068 - LARANJA;21
332101;0002;0002 - PRETO;18
332101;0054;0054 - MARROM;15
332102;0036;0036 - OFF-WHITE;25
332102;0046;0046 - ROSA;20
332102;0054;0054 - MARROM;24
332104;0040;0040 - VERDE;7
332104;0050;0050 - AZUL BIC;6
332104;0258;0258 - CAFÉ;14
332105;1459;1459 - LISTRADO;31
332106;1459;1459 - LISTRADO;13
332108;0002;0002 - PRETO;23
332108;0311;0311 - CASTANHO;39
332109;0040;0040 - VERDE;21
332109;0050;0050 - AZUL BIC;18
332109;1587;1587 - AMARELO;25
332110;0054;0054 - MARROM;24
332110;0122;0122 - AZUL;29
332112;0002;0002 - PRETO;10
332114;0003;0003 - MARINHO;9
332114;0068;0068 - LARANJA;1
332114;1530;1530 - BEGE;9
332115;1530;1530 - BEGE;25
332116;1530;1530 - BEGE;28
332117;0052;0052 - ROXO;13
332117;0068;0068 - LARANJA;15
332117;0551;0551 - VERDE CL.;13
332117;1530;1530 - BEGE;15
332118;0002;0002 - PRETO;31
332118;0003;0003 - MARINHO;29
332119;0002;0002 - PRETO;18
332119;0258;0258 - CAFÉ;18
332120;0036;0036 - OFF-WHITE;25
332200;0332;0332 - KHAKI;39
332202;0002;0002 - PRETO;1
332203;0002;0002 - PRETO;18
332203;0036;0036 - OFF-WHITE;19
332204;0002;0002 - PRETO;15
332220;0002;0002 - PRETO;38
332220;0003;0003 - MARINHO;43
332220;0017;0017 - CINZA;41
332220;0040;0040 - VERDE;28
332220;0054;0054 - MARROM;45
332223;0002;0002 - PRETO;3
332223;0050;0050 - AZUL BIC;10
332226;1299;1299 - XADREZ;35
332227;0003;0003 - MARINHO;21
332227;1530;1530 - BEGE;20
332240;0052;0052 - ROXO;15
332240;1587;1587 - AMARELO;13
334004;0001;0001 - BRANCO;23
334004;0002;0002 - PRETO;13
334007;0002;0002 - PRETO;28
334007;0036;0036 - OFF-WHITE;34
334011;0040;0040 - VERDE;7
334011;0068;0068 - LARANJA;19
334014;0002;0002 - PRETO;27
334014;0036;0036 - OFF-WHITE;25
334015;0002;0002 - PRETO;11
334015;0036;0036 - OFF-WHITE;14
334016;0122;0122 - AZUL;21
334016;0308;0308 - VERMELHO;14
334016;1587;1587 - AMARELO;4
334017;0003;0003 - MARINHO;24
334017;1297;1297 - BORDÔ;26
334018;2428;2428 - LISTRA MARINHO;22
334018;2751;2751 - LISTRA BLUSH;30
334018;2910;2910 - LISTRA BIC;29
334019;2428;2428 - LISTRA MARINHO;35
334019;2751;2751 - LISTRA BLUSH;21
334019;2910;2910 - LISTRA BIC;22
334030;0003;0003 - MARINHO;24
334030;0036;0036 - OFF-WHITE;45
334030;0040;0040 - VERDE;24
334032;0002;0002 - PRETO;23
334032;0036;0036 - OFF-WHITE;18
334037;0003;0003 - MARINHO;9
334037;0036;0036 - OFF-WHITE;20
334038;0003;0003 - MARINHO;24
334038;0036;0036 - OFF-WHITE;30
334044;0003;0003 - MARINHO;21
334044;1530;1530 - BEGE;31
334045;0003;0003 - MARINHO;30
334045;0036;0036 - OFF-WHITE;25
334047;1530;1530 - BEGE;19
334052;0268;0268 - DENIM;25
334053;0003;0003 - MARINHO;35
334053;1530;1530 - BEGE;38
334057;0002;0002 - PRETO;25
334057;0122;0122 - AZUL;5
334057;1340;1340 - BLUSH;8
334058;0002;0002 - PRETO;24
334058;1340;1340 - BLUSH;23
334059;0036;0036 - OFF-WHITE;7
334059;1530;1530 - BEGE;11
334061;0002;0002 - PRETO;24
334061;0003;0003 - MARINHO;21
334061;0036;0036 - OFF-WHITE;33
334061;1530;1530 - BEGE;23
334065;0036;0036 - OFF-WHITE;24
334065;0040;0040 - VERDE;7
334065;0308;0308 - VERMELHO;17
334066;0036;0036 - OFF-WHITE;23
334066;0308;0308 - VERMELHO;24
334069;0036;0036 - OFF-WHITE;24
334069;0040;0040 - VERDE;24
334069;0068;0068 - LARANJA;19
334069;1530;1530 - BEGE;14
334069;1587;1587 - AMARELO;19
334073;0002;0002 - PRETO;16
334073;0036;0036 - OFF-WHITE;24
334076;0002;0002 - PRETO;9
334076;0036;0036 - OFF-WHITE;12
334077;2519;2519 - DENIM CLARO;63
334083;0003;0003 - MARINHO;15
334085;0036;0036 - OFF-WHITE;13
334093;0068;0068 - LARANJA;18
334096;0003;0003 - MARINHO;1
334096;0036;0036 - OFF-WHITE;25
334096;0308;0308 - VERMELHO;28
334098;0003;0003 - MARINHO;43
334098;0054;0054 - MARROM;57
334098;1530;1530 - BEGE;45
334099;0036;0036 - OFF-WHITE;35
334099;1530;1530 - BEGE;19
334100;0268;0268 - DENIM;26
334105;0003;0003 - MARINHO;22
334105;0036;0036 - OFF-WHITE;24
334111;0002;0002 - PRETO;17
334111;0036;0036 - OFF-WHITE;11
334113;0001;0001 - BRANCO;8
334113;1340;1340 - BLUSH;8
334113;1530;1530 - BEGE;8
334114;0001;0001 - BRANCO;19
334114;1340;1340 - BLUSH;15
334114;1530;1530 - BEGE;26
334115;0003;0003 - MARINHO;25
334115;1530;1530 - BEGE;23
334117;0002;0002 - PRETO;37
334127;1530;1530 - BEGE;10
334128;1530;1530 - BEGE;34
334132;1530;1530 - BEGE;19
334139;0002;0002 - PRETO;9
334139;0258;0258 - CAFÉ;16
334139;1146;1146 - FENDI;9
334143;0003;0003 - MARINHO;9
334143;0036;0036 - OFF-WHITE;11
334155;1530;1530 - BEGE;24
334157;0258;0258 - CAFÉ;11
334158;1146;1146 - FENDI;35
334164;0002;0002 - PRETO;31
334164;1530;1530 - BEGE;39
336001;0002;0002 - PRETO;44
336001;0036;0036 - OFF-WHITE;1
336001;1587;1587 - AMARELO;20
336002;0002;0002 - PRETO;22
336002;0036;0036 - OFF-WHITE;21
336002;1587;1587 - AMARELO;12
336003;0002;0002 - PRETO;34
336003;0036;0036 - OFF-WHITE;5
336004;0002;0002 - PRETO;25
336004;0036;0036 - OFF-WHITE;19
336005;0002;0002 - PRETO;27
336005;0036;0036 - OFF-WHITE;14
336007;0002;0002 - PRETO;32
336007;0036;0036 - OFF-WHITE;31
336007;1587;1587 - AMARELO;24
336008;0002;0002 - PRETO;12
336008;1587;1587 - AMARELO;13
336009;0002;0002 - PRETO;24
336009;0036;0036 - OFF-WHITE;16
338001;0002;0002 - PRETO;3
338001;0036;0036 - OFF-WHITE;4
338002;0002;0002 - PRETO;14
338002;0036;0036 - OFF-WHITE;7
338003;0002;0002 - PRETO;3
338003;0036;0036 - OFF-WHITE;3
338004;0002;0002 - PRETO;5
338005;0002;0002 - PRETO;7
338007;0002;0002 - PRETO;3
338007;0036;0036 - OFF-WHITE;3
338009;0002;0002 - PRETO;3
338009;0036;0036 - OFF-WHITE;3
338010;0002;0002 - PRETO;1
338010;0036;0036 - OFF-WHITE;1
338011;0002;0002 - PRETO;4
