codigo;colecao;motivo;decidido_em
212006;SS25;manter como esta na planilha;2026-09-27
216000;AW25;manter como esta na planilha;2026-09-27
216041;AW25;manter como esta na planilha;2026-09-27
217035;SS26;manter como esta na planilha;2026-09-27
218000;AW26;manter como esta na planilha;2026-09-27
328028;AW26;manter como esta na planilha;2026-09-27
328064;SS25;manter como esta na planilha;2026-09-27
328065;SS25;manter como esta na planilha;2026-09-27
328138;SS25;manter como esta na planilha;2026-09-27
329011;AW25;manter como esta na planilha;2026-09-27
330103;SS26;manter como esta na planilha;2026-09-27
332106;AW26;manter como esta na planilha;2026-09-27
338001;AW26;manter como esta na planilha;2026-09-27
338002;AW26;manter como esta na planilha;2026-09-27
338003;AW26;manter como esta na planilha;2026-09-27
338004;AW26;manter como esta na planilha;2026-09-27
338005;AW26;manter como esta na planilha;2026-09-27
338007;AW26;manter como esta na planilha;2026-09-27
338009;AW26;manter como esta na planilha;2026-09-27
338010;AW26;manter como esta na planilha;2026-09-27
338011;AW26;manter como esta na planilha;2026-09-27
